Balaji-Viswanathan-2,0
Gayle-Laakmann-McDowell,1
Antariksh-Bothale,2
Robert-Frost-1,3
Virali-Modi,4
Siddharth-Bhattacharya,5
Gabriel-Seah,6
Shikhar-Agarwal,7
Ankit-Sethi,8
Tatiana-Est√©vez,9
James-Altucher,10
Tejasvita-Apte,11
Gauri-Noolkar,12
Marcus-Geduld,13
Joshua-Engel,14
Jeff-Lee-36,15
Xu-Beixi,16
Nimesh-Kiran-Verma,17
Ben-Y-Zhao,18
Abhijeet-Borkar,19
Steven-Grimm,20
Alvika-Jaju,21
Dan-Knight-1,22
Rachel-Laine,23
Glenn-Anderson,24
Bhavesh-Aggarwal,25
Jennifer-Apacible-1,26
Mohit-Arora-6,27
Simon-Crump,28
Kartik-Ayyar,29
Tracey-Bryan,30
Mira-Zaslove,31
Caroline-Zelonka,32
Shefaly-Yogendra,33
Tamara-Wiens,34
Craig-Weiland,35
Andrew-Watts,36
Jimmy-Wales,37
Thomas-Wier,38
Nate-Waddoups,39
David-Waddell,40
Vidushi-Rastogi-1,41
Ellen-Vrana,42
Inna-Vishik,43
Raziman-T-V,44
Jill-Uchiyama,45
Joonas-Vakkilainen,46
Giordon-Stark,47
Andrew-Stein-1,48
Samarth-Mohan,49
